epoch,label,precision,recall,f1
1,playAction,0.0,0.0,0.0
1,passTippedAtLine,0.0,0.0,0.0
1,unblockedPressure,0.0,0.0,0.0
1,qbSpike,0.0,0.0,0.0
1,qbKneel,0.0,0.0,0.0
1,qbSneak,0.0,0.0,0.0
1,isDropback,1.0,1.0,1.0
1,pff_runPassOption,0.0,0.0,0.0
1,offenseFormation_EMPTY,0.0,0.0,0.0
1,offenseFormation_I_FORM,0.0,0.0,0.0
1,offenseFormation_JUMBO,0.0,0.0,0.0
1,offenseFormation_PISTOL,0.0,0.0,0.0
1,offenseFormation_SHOTGUN,1.0,0.004694835680751174,0.009345794392523364
1,offenseFormation_SINGLEBACK,0.0,0.0,0.0
1,offenseFormation_WILDCAT,0.0,0.0,0.0
1,receiverAlignment_1x0,0.0,0.0,0.0
1,receiverAlignment_1x1,0.0,0.0,0.0
1,receiverAlignment_2x0,0.0,0.0,0.0
1,receiverAlignment_2x1,0.0,0.0,0.0
1,receiverAlignment_2x2,0.0,0.0,0.0
1,receiverAlignment_3x0,0.0,0.0,0.0
1,receiverAlignment_3x1,0.0,0.0,0.0
1,receiverAlignment_3x2,0.0,0.0,0.0
1,receiverAlignment_3x3,0.0,0.0,0.0
1,receiverAlignment_4x1,0.0,0.0,0.0
1,dropbackType_DESIGNED_ROLLOUT_LEFT,0.0,0.0,0.0
1,dropbackType_DESIGNED_ROLLOUT_RIGHT,0.0,0.0,0.0
1,dropbackType_DESIGNED_RUN,0.0,0.0,0.0
1,dropbackType_SCRAMBLE,0.0,0.0,0.0
1,dropbackType_SCRAMBLE_ROLLOUT_LEFT,0.0,0.0,0.0
1,dropbackType_SCRAMBLE_ROLLOUT_RIGHT,0.0,0.0,0.0
1,dropbackType_TRADITIONAL,0.9122257053291536,1.0,0.9540983606557377
1,passLocationType_INSIDE_BOX,0.890282131661442,1.0,0.9419568822553898
1,passLocationType_OUTSIDE_LEFT,0.0,0.0,0.0
1,passLocationType_OUTSIDE_RIGHT,0.0,0.0,0.0
1,passLocationType_UNKNOWN,0.0,0.0,0.0
1,pff_runConceptPrimary_COUNTER,0.0,0.0,0.0
1,pff_runConceptPrimary_DRAW,0.0,0.0,0.0
1,pff_runConceptPrimary_FB RUN,0.0,0.0,0.0
1,pff_runConceptPrimary_INSIDE ZONE,0.0,0.0,0.0
1,pff_runConceptPrimary_MAN,0.0,0.0,0.0
1,pff_runConceptPrimary_OUTSIDE ZONE,0.0,0.0,0.0
1,pff_runConceptPrimary_POWER,0.0,0.0,0.0
1,pff_runConceptPrimary_PULL LEAD,0.0,0.0,0.0
1,pff_runConceptPrimary_TRAP,0.0,0.0,0.0
1,pff_runConceptPrimary_TRICK,0.0,0.0,0.0
1,pff_runConceptPrimary_UNDEFINED,0.0,0.0,0.0
1,pff_runConceptPrimary_Unknown,0.7084639498432602,1.0,0.8293577981651377
1,pff_runConceptSecondary_QB RUNS,0.0,0.0,0.0
1,pff_runConceptSecondary_READ OPTION,0.0,0.0,0.0
1,pff_runConceptSecondary_Unknown,1.0,1.0,1.0
1,pff_passCoverage_2-Man,0.0,0.0,0.0
1,pff_passCoverage_Bracket,0.0,0.0,0.0
1,pff_passCoverage_Cover 6-Left,0.0,0.0,0.0
1,pff_passCoverage_Cover-0,0.0,0.0,0.0
1,pff_passCoverage_Cover-1,0.0,0.0,0.0
1,pff_passCoverage_Cover-1 Double,0.0,0.0,0.0
1,pff_passCoverage_Cover-2,0.0,0.0,0.0
1,pff_passCoverage_Cover-3,0.0,0.0,0.0
1,pff_passCoverage_Cover-3 Cloud Left,0.0,0.0,0.0
1,pff_passCoverage_Cover-3 Cloud Right,0.0,0.0,0.0
1,pff_passCoverage_Cover-3 Double Cloud,0.0,0.0,0.0
1,pff_passCoverage_Cover-3 Seam,0.0,0.0,0.0
1,pff_passCoverage_Cover-6 Right,0.0,0.0,0.0
1,pff_passCoverage_Goal Line,0.0,0.0,0.0
1,pff_passCoverage_Miscellaneous,0.0,0.0,0.0
1,pff_passCoverage_Prevent,0.0,0.0,0.0
1,pff_passCoverage_Quarters,0.0,0.0,0.0
1,pff_passCoverage_Red Zone,0.0,0.0,0.0
1,pff_manZone_Man,0.0,0.0,0.0
1,pff_manZone_Other,0.0,0.0,0.0
1,pff_manZone_Zone,0.7041800643086816,0.9954545454545455,0.8248587570621468
1,routeRanQB0_CORNER,0.0,0.0,0.0
1,routeRanQB0_CROSS,0.0,0.0,0.0
1,routeRanQB0_FLAT,0.0,0.0,0.0
1,routeRanQB0_GO,0.0,0.0,0.0
1,routeRanQB0_HITCH,0.0,0.0,0.0
1,routeRanQB0_IN,0.0,0.0,0.0
1,routeRanQB0_NA,0.987460815047022,1.0,0.9936908517350158
1,routeRanQB0_OUT,0.0,0.0,0.0
1,routeRanQB0_POST,0.0,0.0,0.0
1,routeRanQB0_SCREEN,0.0,0.0,0.0
1,routeRanQB0_SLANT,0.0,0.0,0.0
1,routeRanQB0_WHEEL,0.0,0.0,0.0
1,routeRanWR0_ANGLE,0.0,0.0,0.0
1,routeRanWR0_CORNER,0.0,0.0,0.0
1,routeRanWR0_CROSS,0.0,0.0,0.0
1,routeRanWR0_FLAT,0.0,0.0,0.0
1,routeRanWR0_GO,0.0,0.0,0.0
1,routeRanWR0_HITCH,0.0,0.0,0.0
1,routeRanWR0_IN,0.0,0.0,0.0
1,routeRanWR0_NA,0.0,0.0,0.0
1,routeRanWR0_OUT,0.0,0.0,0.0
1,routeRanWR0_POST,0.0,0.0,0.0
1,routeRanWR0_SCREEN,0.0,0.0,0.0
1,routeRanWR0_SLANT,0.0,0.0,0.0
1,routeRanWR0_WHEEL,0.0,0.0,0.0
1,routeRanWR1_ANGLE,0.0,0.0,0.0
1,routeRanWR1_CORNER,0.0,0.0,0.0
1,routeRanWR1_CROSS,0.0,0.0,0.0
1,routeRanWR1_FLAT,0.0,0.0,0.0
1,routeRanWR1_GO,0.0,0.0,0.0
1,routeRanWR1_HITCH,0.0,0.0,0.0
1,routeRanWR1_IN,0.0,0.0,0.0
1,routeRanWR1_NA,0.0,0.0,0.0
1,routeRanWR1_OUT,0.0,0.0,0.0
1,routeRanWR1_POST,0.0,0.0,0.0
1,routeRanWR1_SCREEN,0.0,0.0,0.0
1,routeRanWR1_SLANT,0.0,0.0,0.0
1,routeRanWR1_WHEEL,0.0,0.0,0.0
1,routeRanWR2_ANGLE,0.0,0.0,0.0
1,routeRanWR2_CORNER,0.0,0.0,0.0
1,routeRanWR2_CROSS,0.0,0.0,0.0
1,routeRanWR2_FLAT,0.0,0.0,0.0
1,routeRanWR2_GO,0.0,0.0,0.0
1,routeRanWR2_HITCH,0.0,0.0,0.0
1,routeRanWR2_IN,0.0,0.0,0.0
1,routeRanWR2_NA,0.0,0.0,0.0
1,routeRanWR2_OUT,0.0,0.0,0.0
1,routeRanWR2_POST,0.0,0.0,0.0
1,routeRanWR2_SCREEN,0.0,0.0,0.0
1,routeRanWR2_SLANT,0.0,0.0,0.0
1,routeRanWR2_WHEEL,0.0,0.0,0.0
1,routeRanWR3_CORNER,0.0,0.0,0.0
1,routeRanWR3_CROSS,0.0,0.0,0.0
1,routeRanWR3_FLAT,0.0,0.0,0.0
1,routeRanWR3_GO,0.0,0.0,0.0
1,routeRanWR3_HITCH,0.0,0.0,0.0
1,routeRanWR3_IN,0.0,0.0,0.0
1,routeRanWR3_NA,0.9968652037617555,1.0,0.9984301412872841
1,routeRanWR3_OUT,0.0,0.0,0.0
1,routeRanWR3_POST,0.0,0.0,0.0
1,routeRanWR3_SCREEN,0.0,0.0,0.0
1,routeRanWR3_SLANT,0.0,0.0,0.0
1,routeRanWR4_CORNER,0.0,0.0,0.0
1,routeRanWR4_GO,0.0,0.0,0.0
1,routeRanWR4_NA,1.0,1.0,1.0
1,routeRanWR4_SLANT,0.0,0.0,0.0
1,routeRanRB0_ANGLE,0.0,0.0,0.0
1,routeRanRB0_CORNER,0.0,0.0,0.0
1,routeRanRB0_CROSS,0.0,0.0,0.0
1,routeRanRB0_FLAT,0.7142857142857143,0.07575757575757576,0.136986301369863
1,routeRanRB0_GO,0.0,0.0,0.0
1,routeRanRB0_HITCH,0.0,0.0,0.0
1,routeRanRB0_IN,0.0,0.0,0.0
1,routeRanRB0_NA,0.0,0.0,0.0
1,routeRanRB0_OUT,0.0,0.0,0.0
1,routeRanRB0_POST,0.0,0.0,0.0
1,routeRanRB0_SCREEN,0.0,0.0,0.0
1,routeRanRB0_SLANT,0.0,0.0,0.0
1,routeRanRB0_WHEEL,0.0,0.0,0.0
1,routeRanRB1_ANGLE,0.0,0.0,0.0
1,routeRanRB1_CROSS,0.0,0.0,0.0
1,routeRanRB1_FLAT,0.0,0.0,0.0
1,routeRanRB1_GO,0.0,0.0,0.0
1,routeRanRB1_HITCH,0.0,0.0,0.0
1,routeRanRB1_IN,0.0,0.0,0.0
1,routeRanRB1_NA,0.9686520376175548,1.0,0.9840764331210191
1,routeRanRB1_OUT,0.0,0.0,0.0
1,routeRanRB1_POST,0.0,0.0,0.0
1,routeRanRB1_SCREEN,0.0,0.0,0.0
1,routeRanRB1_SLANT,0.0,0.0,0.0
1,routeRanRB1_WHEEL,0.0,0.0,0.0
1,routeRanRB2_NA,1.0,1.0,1.0
1,routeRanRB2_WHEEL,0.0,0.0,0.0
1,routeRanTE0_ANGLE,0.0,0.0,0.0
1,routeRanTE0_CORNER,0.0,0.0,0.0
1,routeRanTE0_CROSS,0.0,0.0,0.0
1,routeRanTE0_FLAT,0.0,0.0,0.0
1,routeRanTE0_GO,0.0,0.0,0.0
1,routeRanTE0_HITCH,0.0,0.0,0.0
1,routeRanTE0_IN,0.0,0.0,0.0
1,routeRanTE0_NA,0.0,0.0,0.0
1,routeRanTE0_OUT,0.0,0.0,0.0
1,routeRanTE0_POST,0.0,0.0,0.0
1,routeRanTE0_SCREEN,0.0,0.0,0.0
1,routeRanTE0_SLANT,0.0,0.0,0.0
1,routeRanTE0_WHEEL,0.0,0.0,0.0
1,routeRanTE1_ANGLE,0.0,0.0,0.0
1,routeRanTE1_CORNER,0.0,0.0,0.0
1,routeRanTE1_CROSS,0.0,0.0,0.0
1,routeRanTE1_FLAT,0.0,0.0,0.0
1,routeRanTE1_GO,0.0,0.0,0.0
1,routeRanTE1_HITCH,0.0,0.0,0.0
1,routeRanTE1_IN,0.0,0.0,0.0
1,routeRanTE1_NA,0.8589341692789969,1.0,0.924114671163575
1,routeRanTE1_OUT,0.0,0.0,0.0
1,routeRanTE1_POST,0.0,0.0,0.0
1,routeRanTE1_SCREEN,0.0,0.0,0.0
1,routeRanTE1_SLANT,0.0,0.0,0.0
1,routeRanTE1_WHEEL,0.0,0.0,0.0
1,routeRanTE2_CORNER,0.0,0.0,0.0
1,routeRanTE2_CROSS,0.0,0.0,0.0
1,routeRanTE2_FLAT,0.0,0.0,0.0
1,routeRanTE2_GO,0.0,0.0,0.0
1,routeRanTE2_HITCH,0.0,0.0,0.0
1,routeRanTE2_IN,0.0,0.0,0.0
1,routeRanTE2_NA,0.9749216300940439,1.0,0.9873015873015873
1,routeRanTE2_OUT,0.0,0.0,0.0
1,routeRanTE2_POST,0.0,0.0,0.0
1,routeRanTE2_SCREEN,0.0,0.0,0.0
1,routeRanTE2_SLANT,0.0,0.0,0.0
2,playAction,0.0,0.0,0.0
2,passTippedAtLine,0.0,0.0,0.0
2,unblockedPressure,0.0,0.0,0.0
2,qbSpike,0.0,0.0,0.0
2,qbKneel,0.0,0.0,0.0
2,qbSneak,0.0,0.0,0.0
2,isDropback,1.0,1.0,1.0
2,pff_runPassOption,0.0,0.0,0.0
2,offenseFormation_EMPTY,0.0,0.0,0.0
2,offenseFormation_I_FORM,0.0,0.0,0.0
2,offenseFormation_JUMBO,0.0,0.0,0.0
2,offenseFormation_PISTOL,0.0,0.0,0.0
2,offenseFormation_SHOTGUN,0.698019801980198,0.6619718309859155,0.6795180722891566
2,offenseFormation_SINGLEBACK,0.0,0.0,0.0
2,offenseFormation_WILDCAT,0.0,0.0,0.0
2,receiverAlignment_1x0,0.0,0.0,0.0
2,receiverAlignment_1x1,0.0,0.0,0.0
2,receiverAlignment_2x0,0.0,0.0,0.0
2,receiverAlignment_2x1,0.0,0.0,0.0
2,receiverAlignment_2x2,0.0,0.0,0.0
2,receiverAlignment_3x0,0.0,0.0,0.0
2,receiverAlignment_3x1,0.2,0.008928571428571428,0.017094017094017096
2,receiverAlignment_3x2,0.0,0.0,0.0
2,receiverAlignment_3x3,0.0,0.0,0.0
2,receiverAlignment_4x1,0.0,0.0,0.0
2,dropbackType_DESIGNED_ROLLOUT_LEFT,0.0,0.0,0.0
2,dropbackType_DESIGNED_ROLLOUT_RIGHT,0.0,0.0,0.0
2,dropbackType_DESIGNED_RUN,0.0,0.0,0.0
2,dropbackType_SCRAMBLE,0.0,0.0,0.0
2,dropbackType_SCRAMBLE_ROLLOUT_LEFT,0.0,0.0,0.0
2,dropbackType_SCRAMBLE_ROLLOUT_RIGHT,0.0,0.0,0.0
2,dropbackType_TRADITIONAL,0.9122257053291536,1.0,0.9540983606557377
2,passLocationType_INSIDE_BOX,0.890282131661442,1.0,0.9419568822553898
2,passLocationType_OUTSIDE_LEFT,0.0,0.0,0.0
2,passLocationType_OUTSIDE_RIGHT,0.0,0.0,0.0
2,passLocationType_UNKNOWN,0.0,0.0,0.0
2,pff_runConceptPrimary_COUNTER,0.0,0.0,0.0
2,pff_runConceptPrimary_DRAW,0.0,0.0,0.0
2,pff_runConceptPrimary_FB RUN,0.0,0.0,0.0
2,pff_runConceptPrimary_INSIDE ZONE,0.0,0.0,0.0
2,pff_runConceptPrimary_MAN,0.0,0.0,0.0
2,pff_runConceptPrimary_OUTSIDE ZONE,0.0,0.0,0.0
2,pff_runConceptPrimary_POWER,0.0,0.0,0.0
2,pff_runConceptPrimary_PULL LEAD,0.0,0.0,0.0
2,pff_runConceptPrimary_TRAP,0.0,0.0,0.0
2,pff_runConceptPrimary_TRICK,0.0,0.0,0.0
2,pff_runConceptPrimary_UNDEFINED,0.0,0.0,0.0
2,pff_runConceptPrimary_Unknown,0.7084639498432602,1.0,0.8293577981651377
2,pff_runConceptSecondary_QB RUNS,0.0,0.0,0.0
2,pff_runConceptSecondary_READ OPTION,0.0,0.0,0.0
2,pff_runConceptSecondary_Unknown,1.0,1.0,1.0
2,pff_passCoverage_2-Man,0.0,0.0,0.0
2,pff_passCoverage_Bracket,0.0,0.0,0.0
2,pff_passCoverage_Cover 6-Left,0.0,0.0,0.0
2,pff_passCoverage_Cover-0,0.0,0.0,0.0
2,pff_passCoverage_Cover-1,0.0,0.0,0.0
2,pff_passCoverage_Cover-1 Double,0.0,0.0,0.0
2,pff_passCoverage_Cover-2,0.0,0.0,0.0
2,pff_passCoverage_Cover-3,0.4126984126984127,0.2826086956521739,0.33548387096774196
2,pff_passCoverage_Cover-3 Cloud Left,0.0,0.0,0.0
2,pff_passCoverage_Cover-3 Cloud Right,0.0,0.0,0.0
2,pff_passCoverage_Cover-3 Double Cloud,0.0,0.0,0.0
2,pff_passCoverage_Cover-3 Seam,0.0,0.0,0.0
2,pff_passCoverage_Cover-6 Right,0.0,0.0,0.0
2,pff_passCoverage_Goal Line,0.0,0.0,0.0
2,pff_passCoverage_Miscellaneous,0.0,0.0,0.0
2,pff_passCoverage_Prevent,0.0,0.0,0.0
2,pff_passCoverage_Quarters,0.0,0.0,0.0
2,pff_passCoverage_Red Zone,0.0,0.0,0.0
2,pff_manZone_Man,0.0,0.0,0.0
2,pff_manZone_Other,0.0,0.0,0.0
2,pff_manZone_Zone,0.6918238993710691,1.0,0.8178438661710037
2,routeRanQB0_CORNER,0.0,0.0,0.0
2,routeRanQB0_CROSS,0.0,0.0,0.0
2,routeRanQB0_FLAT,0.0,0.0,0.0
2,routeRanQB0_GO,0.0,0.0,0.0
2,routeRanQB0_HITCH,0.0,0.0,0.0
2,routeRanQB0_IN,0.0,0.0,0.0
2,routeRanQB0_NA,0.987460815047022,1.0,0.9936908517350158
2,routeRanQB0_OUT,0.0,0.0,0.0
2,routeRanQB0_POST,0.0,0.0,0.0
2,routeRanQB0_SCREEN,0.0,0.0,0.0
2,routeRanQB0_SLANT,0.0,0.0,0.0
2,routeRanQB0_WHEEL,0.0,0.0,0.0
2,routeRanWR0_ANGLE,0.0,0.0,0.0
2,routeRanWR0_CORNER,0.0,0.0,0.0
2,routeRanWR0_CROSS,0.0,0.0,0.0
2,routeRanWR0_FLAT,0.0,0.0,0.0
2,routeRanWR0_GO,0.0,0.0,0.0
2,routeRanWR0_HITCH,0.0,0.0,0.0
2,routeRanWR0_IN,0.0,0.0,0.0
2,routeRanWR0_NA,0.0,0.0,0.0
2,routeRanWR0_OUT,0.0,0.0,0.0
2,routeRanWR0_POST,0.0,0.0,0.0
2,routeRanWR0_SCREEN,0.0,0.0,0.0
2,routeRanWR0_SLANT,0.0,0.0,0.0
2,routeRanWR0_WHEEL,0.0,0.0,0.0
2,routeRanWR1_ANGLE,0.0,0.0,0.0
2,routeRanWR1_CORNER,0.0,0.0,0.0
2,routeRanWR1_CROSS,0.0,0.0,0.0
2,routeRanWR1_FLAT,0.0,0.0,0.0
2,routeRanWR1_GO,0.0,0.0,0.0
2,routeRanWR1_HITCH,0.0,0.0,0.0
2,routeRanWR1_IN,0.0,0.0,0.0
2,routeRanWR1_NA,0.0,0.0,0.0
2,routeRanWR1_OUT,0.0,0.0,0.0
2,routeRanWR1_POST,0.0,0.0,0.0
2,routeRanWR1_SCREEN,0.0,0.0,0.0
2,routeRanWR1_SLANT,0.0,0.0,0.0
2,routeRanWR1_WHEEL,0.0,0.0,0.0
2,routeRanWR2_ANGLE,0.0,0.0,0.0
2,routeRanWR2_CORNER,0.0,0.0,0.0
2,routeRanWR2_CROSS,0.0,0.0,0.0
2,routeRanWR2_FLAT,0.0,0.0,0.0
2,routeRanWR2_GO,0.0,0.0,0.0
2,routeRanWR2_HITCH,0.0,0.0,0.0
2,routeRanWR2_IN,0.0,0.0,0.0
2,routeRanWR2_NA,0.0,0.0,0.0
2,routeRanWR2_OUT,0.0,0.0,0.0
2,routeRanWR2_POST,0.0,0.0,0.0
2,routeRanWR2_SCREEN,0.0,0.0,0.0
2,routeRanWR2_SLANT,0.0,0.0,0.0
2,routeRanWR2_WHEEL,0.0,0.0,0.0
2,routeRanWR3_CORNER,0.0,0.0,0.0
2,routeRanWR3_CROSS,0.0,0.0,0.0
2,routeRanWR3_FLAT,0.0,0.0,0.0
2,routeRanWR3_GO,0.0,0.0,0.0
2,routeRanWR3_HITCH,0.0,0.0,0.0
2,routeRanWR3_IN,0.0,0.0,0.0
2,routeRanWR3_NA,0.9968652037617555,1.0,0.9984301412872841
2,routeRanWR3_OUT,0.0,0.0,0.0
2,routeRanWR3_POST,0.0,0.0,0.0
2,routeRanWR3_SCREEN,0.0,0.0,0.0
2,routeRanWR3_SLANT,0.0,0.0,0.0
2,routeRanWR4_CORNER,0.0,0.0,0.0
2,routeRanWR4_GO,0.0,0.0,0.0
2,routeRanWR4_NA,1.0,1.0,1.0
2,routeRanWR4_SLANT,0.0,0.0,0.0
2,routeRanRB0_ANGLE,0.0,0.0,0.0
2,routeRanRB0_CORNER,0.0,0.0,0.0
2,routeRanRB0_CROSS,0.0,0.0,0.0
2,routeRanRB0_FLAT,0.0,0.0,0.0
2,routeRanRB0_GO,0.0,0.0,0.0
2,routeRanRB0_HITCH,0.0,0.0,0.0
2,routeRanRB0_IN,0.0,0.0,0.0
2,routeRanRB0_NA,0.0,0.0,0.0
2,routeRanRB0_OUT,0.0,0.0,0.0
2,routeRanRB0_POST,0.0,0.0,0.0
2,routeRanRB0_SCREEN,0.0,0.0,0.0
2,routeRanRB0_SLANT,0.0,0.0,0.0
2,routeRanRB0_WHEEL,0.0,0.0,0.0
2,routeRanRB1_ANGLE,0.0,0.0,0.0
2,routeRanRB1_CROSS,0.0,0.0,0.0
2,routeRanRB1_FLAT,0.0,0.0,0.0
2,routeRanRB1_GO,0.0,0.0,0.0
2,routeRanRB1_HITCH,0.0,0.0,0.0
2,routeRanRB1_IN,0.0,0.0,0.0
2,routeRanRB1_NA,0.9686520376175548,1.0,0.9840764331210191
2,routeRanRB1_OUT,0.0,0.0,0.0
2,routeRanRB1_POST,0.0,0.0,0.0
2,routeRanRB1_SCREEN,0.0,0.0,0.0
2,routeRanRB1_SLANT,0.0,0.0,0.0
2,routeRanRB1_WHEEL,0.0,0.0,0.0
2,routeRanRB2_NA,1.0,1.0,1.0
2,routeRanRB2_WHEEL,0.0,0.0,0.0
2,routeRanTE0_ANGLE,0.0,0.0,0.0
2,routeRanTE0_CORNER,0.0,0.0,0.0
2,routeRanTE0_CROSS,0.0,0.0,0.0
2,routeRanTE0_FLAT,0.0,0.0,0.0
2,routeRanTE0_GO,0.0,0.0,0.0
2,routeRanTE0_HITCH,0.0,0.0,0.0
2,routeRanTE0_IN,0.0,0.0,0.0
2,routeRanTE0_NA,0.0,0.0,0.0
2,routeRanTE0_OUT,0.0,0.0,0.0
2,routeRanTE0_POST,0.0,0.0,0.0
2,routeRanTE0_SCREEN,0.0,0.0,0.0
2,routeRanTE0_SLANT,0.0,0.0,0.0
2,routeRanTE0_WHEEL,0.0,0.0,0.0
2,routeRanTE1_ANGLE,0.0,0.0,0.0
2,routeRanTE1_CORNER,0.0,0.0,0.0
2,routeRanTE1_CROSS,0.0,0.0,0.0
2,routeRanTE1_FLAT,0.0,0.0,0.0
2,routeRanTE1_GO,0.0,0.0,0.0
2,routeRanTE1_HITCH,0.0,0.0,0.0
2,routeRanTE1_IN,0.0,0.0,0.0
2,routeRanTE1_NA,0.8589341692789969,1.0,0.924114671163575
2,routeRanTE1_OUT,0.0,0.0,0.0
2,routeRanTE1_POST,0.0,0.0,0.0
2,routeRanTE1_SCREEN,0.0,0.0,0.0
2,routeRanTE1_SLANT,0.0,0.0,0.0
2,routeRanTE1_WHEEL,0.0,0.0,0.0
2,routeRanTE2_CORNER,0.0,0.0,0.0
2,routeRanTE2_CROSS,0.0,0.0,0.0
2,routeRanTE2_FLAT,0.0,0.0,0.0
2,routeRanTE2_GO,0.0,0.0,0.0
2,routeRanTE2_HITCH,0.0,0.0,0.0
2,routeRanTE2_IN,0.0,0.0,0.0
2,routeRanTE2_NA,0.9749216300940439,1.0,0.9873015873015873
2,routeRanTE2_OUT,0.0,0.0,0.0
2,routeRanTE2_POST,0.0,0.0,0.0
2,routeRanTE2_SCREEN,0.0,0.0,0.0
2,routeRanTE2_SLANT,0.0,0.0,0.0
3,playAction,0.0,0.0,0.0
3,passTippedAtLine,0.0,0.0,0.0
3,unblockedPressure,0.0,0.0,0.0
3,qbSpike,0.0,0.0,0.0
3,qbKneel,0.0,0.0,0.0
3,qbSneak,0.0,0.0,0.0
3,isDropback,1.0,1.0,1.0
3,pff_runPassOption,0.0,0.0,0.0
3,offenseFormation_EMPTY,0.0,0.0,0.0
3,offenseFormation_I_FORM,0.0,0.0,0.0
3,offenseFormation_JUMBO,0.0,0.0,0.0
3,offenseFormation_PISTOL,0.0,0.0,0.0
3,offenseFormation_SHOTGUN,0.7283950617283951,0.5539906103286385,0.6293333333333333
3,offenseFormation_SINGLEBACK,0.0,0.0,0.0
3,offenseFormation_WILDCAT,0.0,0.0,0.0
3,receiverAlignment_1x0,0.0,0.0,0.0
3,receiverAlignment_1x1,0.0,0.0,0.0
3,receiverAlignment_2x0,0.0,0.0,0.0
3,receiverAlignment_2x1,0.0,0.0,0.0
3,receiverAlignment_2x2,0.5,0.007518796992481203,0.014814814814814815
3,receiverAlignment_3x0,0.0,0.0,0.0
3,receiverAlignment_3x1,0.0,0.0,0.0
3,receiverAlignment_3x2,0.0,0.0,0.0
3,receiverAlignment_3x3,0.0,0.0,0.0
3,receiverAlignment_4x1,0.0,0.0,0.0
3,dropbackType_DESIGNED_ROLLOUT_LEFT,0.0,0.0,0.0
3,dropbackType_DESIGNED_ROLLOUT_RIGHT,0.0,0.0,0.0
3,dropbackType_DESIGNED_RUN,0.0,0.0,0.0
3,dropbackType_SCRAMBLE,0.0,0.0,0.0
3,dropbackType_SCRAMBLE_ROLLOUT_LEFT,0.0,0.0,0.0
3,dropbackType_SCRAMBLE_ROLLOUT_RIGHT,0.0,0.0,0.0
3,dropbackType_TRADITIONAL,0.9122257053291536,1.0,0.9540983606557377
3,passLocationType_INSIDE_BOX,0.890282131661442,1.0,0.9419568822553898
3,passLocationType_OUTSIDE_LEFT,0.0,0.0,0.0
3,passLocationType_OUTSIDE_RIGHT,0.0,0.0,0.0
3,passLocationType_UNKNOWN,0.0,0.0,0.0
3,pff_runConceptPrimary_COUNTER,0.0,0.0,0.0
3,pff_runConceptPrimary_DRAW,0.0,0.0,0.0
3,pff_runConceptPrimary_FB RUN,0.0,0.0,0.0
3,pff_runConceptPrimary_INSIDE ZONE,0.0,0.0,0.0
3,pff_runConceptPrimary_MAN,0.0,0.0,0.0
3,pff_runConceptPrimary_OUTSIDE ZONE,0.0,0.0,0.0
3,pff_runConceptPrimary_POWER,0.0,0.0,0.0
3,pff_runConceptPrimary_PULL LEAD,0.0,0.0,0.0
3,pff_runConceptPrimary_TRAP,0.0,0.0,0.0
3,pff_runConceptPrimary_TRICK,0.0,0.0,0.0
3,pff_runConceptPrimary_UNDEFINED,0.0,0.0,0.0
3,pff_runConceptPrimary_Unknown,0.71,0.9424778761061947,0.8098859315589354
3,pff_runConceptSecondary_QB RUNS,0.0,0.0,0.0
3,pff_runConceptSecondary_READ OPTION,0.0,0.0,0.0
3,pff_runConceptSecondary_Unknown,1.0,1.0,1.0
3,pff_passCoverage_2-Man,0.0,0.0,0.0
3,pff_passCoverage_Bracket,0.0,0.0,0.0
3,pff_passCoverage_Cover 6-Left,0.0,0.0,0.0
3,pff_passCoverage_Cover-0,0.0,0.0,0.0
3,pff_passCoverage_Cover-1,0.0,0.0,0.0
3,pff_passCoverage_Cover-1 Double,0.0,0.0,0.0
3,pff_passCoverage_Cover-2,0.0,0.0,0.0
3,pff_passCoverage_Cover-3,0.0,0.0,0.0
3,pff_passCoverage_Cover-3 Cloud Left,0.0,0.0,0.0
3,pff_passCoverage_Cover-3 Cloud Right,0.0,0.0,0.0
3,pff_passCoverage_Cover-3 Double Cloud,0.0,0.0,0.0
3,pff_passCoverage_Cover-3 Seam,0.0,0.0,0.0
3,pff_passCoverage_Cover-6 Right,0.0,0.0,0.0
3,pff_passCoverage_Goal Line,0.0,0.0,0.0
3,pff_passCoverage_Miscellaneous,0.0,0.0,0.0
3,pff_passCoverage_Prevent,0.0,0.0,0.0
3,pff_passCoverage_Quarters,0.0,0.0,0.0
3,pff_passCoverage_Red Zone,0.0,0.0,0.0
3,pff_manZone_Man,0.0,0.0,0.0
3,pff_manZone_Other,0.0,0.0,0.0
3,pff_manZone_Zone,0.7631578947368421,0.9227272727272727,0.8353909465020576
3,routeRanQB0_CORNER,0.0,0.0,0.0
3,routeRanQB0_CROSS,0.0,0.0,0.0
3,routeRanQB0_FLAT,0.0,0.0,0.0
3,routeRanQB0_GO,0.0,0.0,0.0
3,routeRanQB0_HITCH,0.0,0.0,0.0
3,routeRanQB0_IN,0.0,0.0,0.0
3,routeRanQB0_NA,0.987460815047022,1.0,0.9936908517350158
3,routeRanQB0_OUT,0.0,0.0,0.0
3,routeRanQB0_POST,0.0,0.0,0.0
3,routeRanQB0_SCREEN,0.0,0.0,0.0
3,routeRanQB0_SLANT,0.0,0.0,0.0
3,routeRanQB0_WHEEL,0.0,0.0,0.0
3,routeRanWR0_ANGLE,0.0,0.0,0.0
3,routeRanWR0_CORNER,0.0,0.0,0.0
3,routeRanWR0_CROSS,0.0,0.0,0.0
3,routeRanWR0_FLAT,0.0,0.0,0.0
3,routeRanWR0_GO,0.0,0.0,0.0
3,routeRanWR0_HITCH,0.0,0.0,0.0
3,routeRanWR0_IN,0.0,0.0,0.0
3,routeRanWR0_NA,0.0,0.0,0.0
3,routeRanWR0_OUT,0.0,0.0,0.0
3,routeRanWR0_POST,0.0,0.0,0.0
3,routeRanWR0_SCREEN,0.0,0.0,0.0
3,routeRanWR0_SLANT,0.0,0.0,0.0
3,routeRanWR0_WHEEL,0.0,0.0,0.0
3,routeRanWR1_ANGLE,0.0,0.0,0.0
3,routeRanWR1_CORNER,0.0,0.0,0.0
3,routeRanWR1_CROSS,0.0,0.0,0.0
3,routeRanWR1_FLAT,0.0,0.0,0.0
3,routeRanWR1_GO,0.0,0.0,0.0
3,routeRanWR1_HITCH,0.0,0.0,0.0
3,routeRanWR1_IN,0.0,0.0,0.0
3,routeRanWR1_NA,0.0,0.0,0.0
3,routeRanWR1_OUT,0.0,0.0,0.0
3,routeRanWR1_POST,0.0,0.0,0.0
3,routeRanWR1_SCREEN,0.0,0.0,0.0
3,routeRanWR1_SLANT,0.0,0.0,0.0
3,routeRanWR1_WHEEL,0.0,0.0,0.0
3,routeRanWR2_ANGLE,0.0,0.0,0.0
3,routeRanWR2_CORNER,0.0,0.0,0.0
3,routeRanWR2_CROSS,0.0,0.0,0.0
3,routeRanWR2_FLAT,0.0,0.0,0.0
3,routeRanWR2_GO,0.0,0.0,0.0
3,routeRanWR2_HITCH,0.0,0.0,0.0
3,routeRanWR2_IN,0.0,0.0,0.0
3,routeRanWR2_NA,0.0,0.0,0.0
3,routeRanWR2_OUT,0.0,0.0,0.0
3,routeRanWR2_POST,0.0,0.0,0.0
3,routeRanWR2_SCREEN,0.0,0.0,0.0
3,routeRanWR2_SLANT,0.0,0.0,0.0
3,routeRanWR2_WHEEL,0.0,0.0,0.0
3,routeRanWR3_CORNER,0.0,0.0,0.0
3,routeRanWR3_CROSS,0.0,0.0,0.0
3,routeRanWR3_FLAT,0.0,0.0,0.0
3,routeRanWR3_GO,0.0,0.0,0.0
3,routeRanWR3_HITCH,0.0,0.0,0.0
3,routeRanWR3_IN,0.0,0.0,0.0
3,routeRanWR3_NA,0.9968652037617555,1.0,0.9984301412872841
3,routeRanWR3_OUT,0.0,0.0,0.0
3,routeRanWR3_POST,0.0,0.0,0.0
3,routeRanWR3_SCREEN,0.0,0.0,0.0
3,routeRanWR3_SLANT,0.0,0.0,0.0
3,routeRanWR4_CORNER,0.0,0.0,0.0
3,routeRanWR4_GO,0.0,0.0,0.0
3,routeRanWR4_NA,1.0,1.0,1.0
3,routeRanWR4_SLANT,0.0,0.0,0.0
3,routeRanRB0_ANGLE,0.0,0.0,0.0
3,routeRanRB0_CORNER,0.0,0.0,0.0
3,routeRanRB0_CROSS,0.0,0.0,0.0
3,routeRanRB0_FLAT,0.0,0.0,0.0
3,routeRanRB0_GO,0.0,0.0,0.0
3,routeRanRB0_HITCH,0.0,0.0,0.0
3,routeRanRB0_IN,0.0,0.0,0.0
3,routeRanRB0_NA,0.0,0.0,0.0
3,routeRanRB0_OUT,0.0,0.0,0.0
3,routeRanRB0_POST,0.0,0.0,0.0
3,routeRanRB0_SCREEN,0.0,0.0,0.0
3,routeRanRB0_SLANT,0.0,0.0,0.0
3,routeRanRB0_WHEEL,0.0,0.0,0.0
3,routeRanRB1_ANGLE,0.0,0.0,0.0
3,routeRanRB1_CROSS,0.0,0.0,0.0
3,routeRanRB1_FLAT,0.0,0.0,0.0
3,routeRanRB1_GO,0.0,0.0,0.0
3,routeRanRB1_HITCH,0.0,0.0,0.0
3,routeRanRB1_IN,0.0,0.0,0.0
3,routeRanRB1_NA,0.9686520376175548,1.0,0.9840764331210191
3,routeRanRB1_OUT,0.0,0.0,0.0
3,routeRanRB1_POST,0.0,0.0,0.0
3,routeRanRB1_SCREEN,0.0,0.0,0.0
3,routeRanRB1_SLANT,0.0,0.0,0.0
3,routeRanRB1_WHEEL,0.0,0.0,0.0
3,routeRanRB2_NA,1.0,1.0,1.0
3,routeRanRB2_WHEEL,0.0,0.0,0.0
3,routeRanTE0_ANGLE,0.0,0.0,0.0
3,routeRanTE0_CORNER,0.0,0.0,0.0
3,routeRanTE0_CROSS,0.0,0.0,0.0
3,routeRanTE0_FLAT,0.0,0.0,0.0
3,routeRanTE0_GO,0.0,0.0,0.0
3,routeRanTE0_HITCH,0.0,0.0,0.0
3,routeRanTE0_IN,0.0,0.0,0.0
3,routeRanTE0_NA,0.0,0.0,0.0
3,routeRanTE0_OUT,0.0,0.0,0.0
3,routeRanTE0_POST,0.0,0.0,0.0
3,routeRanTE0_SCREEN,0.0,0.0,0.0
3,routeRanTE0_SLANT,0.0,0.0,0.0
3,routeRanTE0_WHEEL,0.0,0.0,0.0
3,routeRanTE1_ANGLE,0.0,0.0,0.0
3,routeRanTE1_CORNER,0.0,0.0,0.0
3,routeRanTE1_CROSS,0.0,0.0,0.0
3,routeRanTE1_FLAT,0.0,0.0,0.0
3,routeRanTE1_GO,0.0,0.0,0.0
3,routeRanTE1_HITCH,0.0,0.0,0.0
3,routeRanTE1_IN,0.0,0.0,0.0
3,routeRanTE1_NA,0.8589341692789969,1.0,0.924114671163575
3,routeRanTE1_OUT,0.0,0.0,0.0
3,routeRanTE1_POST,0.0,0.0,0.0
3,routeRanTE1_SCREEN,0.0,0.0,0.0
3,routeRanTE1_SLANT,0.0,0.0,0.0
3,routeRanTE1_WHEEL,0.0,0.0,0.0
3,routeRanTE2_CORNER,0.0,0.0,0.0
3,routeRanTE2_CROSS,0.0,0.0,0.0
3,routeRanTE2_FLAT,0.0,0.0,0.0
3,routeRanTE2_GO,0.0,0.0,0.0
3,routeRanTE2_HITCH,0.0,0.0,0.0
3,routeRanTE2_IN,0.0,0.0,0.0
3,routeRanTE2_NA,0.9749216300940439,1.0,0.9873015873015873
3,routeRanTE2_OUT,0.0,0.0,0.0
3,routeRanTE2_POST,0.0,0.0,0.0
3,routeRanTE2_SCREEN,0.0,0.0,0.0
3,routeRanTE2_SLANT,0.0,0.0,0.0
4,playAction,0.0,0.0,0.0
4,passTippedAtLine,0.0,0.0,0.0
4,unblockedPressure,0.0,0.0,0.0
4,qbSpike,0.0,0.0,0.0
4,qbKneel,0.0,0.0,0.0
4,qbSneak,0.0,0.0,0.0
4,isDropback,1.0,1.0,1.0
4,pff_runPassOption,0.0,0.0,0.0
4,offenseFormation_EMPTY,0.0,0.0,0.0
4,offenseFormation_I_FORM,0.0,0.0,0.0
4,offenseFormation_JUMBO,0.0,0.0,0.0
4,offenseFormation_PISTOL,0.0,0.0,0.0
4,offenseFormation_SHOTGUN,0.6677115987460815,1.0,0.8007518796992481
4,offenseFormation_SINGLEBACK,0.0,0.0,0.0
4,offenseFormation_WILDCAT,0.0,0.0,0.0
4,receiverAlignment_1x0,0.0,0.0,0.0
4,receiverAlignment_1x1,0.0,0.0,0.0
4,receiverAlignment_2x0,0.0,0.0,0.0
4,receiverAlignment_2x1,0.0,0.0,0.0
4,receiverAlignment_2x2,0.0,0.0,0.0
4,receiverAlignment_3x0,0.0,0.0,0.0
4,receiverAlignment_3x1,0.0,0.0,0.0
4,receiverAlignment_3x2,0.0,0.0,0.0
4,receiverAlignment_3x3,0.0,0.0,0.0
4,receiverAlignment_4x1,0.0,0.0,0.0
4,dropbackType_DESIGNED_ROLLOUT_LEFT,0.0,0.0,0.0
4,dropbackType_DESIGNED_ROLLOUT_RIGHT,0.0,0.0,0.0
4,dropbackType_DESIGNED_RUN,0.0,0.0,0.0
4,dropbackType_SCRAMBLE,0.0,0.0,0.0
4,dropbackType_SCRAMBLE_ROLLOUT_LEFT,0.0,0.0,0.0
4,dropbackType_SCRAMBLE_ROLLOUT_RIGHT,0.0,0.0,0.0
4,dropbackType_TRADITIONAL,0.9122257053291536,1.0,0.9540983606557377
4,passLocationType_INSIDE_BOX,0.890282131661442,1.0,0.9419568822553898
4,passLocationType_OUTSIDE_LEFT,0.0,0.0,0.0
4,passLocationType_OUTSIDE_RIGHT,0.0,0.0,0.0
4,passLocationType_UNKNOWN,0.0,0.0,0.0
4,pff_runConceptPrimary_COUNTER,0.0,0.0,0.0
4,pff_runConceptPrimary_DRAW,0.0,0.0,0.0
4,pff_runConceptPrimary_FB RUN,0.0,0.0,0.0
4,pff_runConceptPrimary_INSIDE ZONE,0.0,0.0,0.0
4,pff_runConceptPrimary_MAN,0.0,0.0,0.0
4,pff_runConceptPrimary_OUTSIDE ZONE,0.0,0.0,0.0
4,pff_runConceptPrimary_POWER,0.0,0.0,0.0
4,pff_runConceptPrimary_PULL LEAD,0.0,0.0,0.0
4,pff_runConceptPrimary_TRAP,0.0,0.0,0.0
4,pff_runConceptPrimary_TRICK,0.0,0.0,0.0
4,pff_runConceptPrimary_UNDEFINED,0.0,0.0,0.0
4,pff_runConceptPrimary_Unknown,0.7084639498432602,1.0,0.8293577981651377
4,pff_runConceptSecondary_QB RUNS,0.0,0.0,0.0
4,pff_runConceptSecondary_READ OPTION,0.0,0.0,0.0
4,pff_runConceptSecondary_Unknown,1.0,1.0,1.0
4,pff_passCoverage_2-Man,0.0,0.0,0.0
4,pff_passCoverage_Bracket,0.0,0.0,0.0
4,pff_passCoverage_Cover 6-Left,0.0,0.0,0.0
4,pff_passCoverage_Cover-0,0.0,0.0,0.0
4,pff_passCoverage_Cover-1,0.0,0.0,0.0
4,pff_passCoverage_Cover-1 Double,0.0,0.0,0.0
4,pff_passCoverage_Cover-2,0.0,0.0,0.0
4,pff_passCoverage_Cover-3,0.0,0.0,0.0
4,pff_passCoverage_Cover-3 Cloud Left,0.0,0.0,0.0
4,pff_passCoverage_Cover-3 Cloud Right,0.0,0.0,0.0
4,pff_passCoverage_Cover-3 Double Cloud,0.0,0.0,0.0
4,pff_passCoverage_Cover-3 Seam,0.0,0.0,0.0
4,pff_passCoverage_Cover-6 Right,0.0,0.0,0.0
4,pff_passCoverage_Goal Line,0.0,0.0,0.0
4,pff_passCoverage_Miscellaneous,0.0,0.0,0.0
4,pff_passCoverage_Prevent,0.0,0.0,0.0
4,pff_passCoverage_Quarters,0.0,0.0,0.0
4,pff_passCoverage_Red Zone,0.0,0.0,0.0
4,pff_manZone_Man,0.2631578947368421,0.06666666666666667,0.10638297872340426
4,pff_manZone_Other,0.0,0.0,0.0
4,pff_manZone_Zone,0.7627737226277372,0.95,0.8461538461538461
4,routeRanQB0_CORNER,0.0,0.0,0.0
4,routeRanQB0_CROSS,0.0,0.0,0.0
4,routeRanQB0_FLAT,0.0,0.0,0.0
4,routeRanQB0_GO,0.0,0.0,0.0
4,routeRanQB0_HITCH,0.0,0.0,0.0
4,routeRanQB0_IN,0.0,0.0,0.0
4,routeRanQB0_NA,0.987460815047022,1.0,0.9936908517350158
4,routeRanQB0_OUT,0.0,0.0,0.0
4,routeRanQB0_POST,0.0,0.0,0.0
4,routeRanQB0_SCREEN,0.0,0.0,0.0
4,routeRanQB0_SLANT,0.0,0.0,0.0
4,routeRanQB0_WHEEL,0.0,0.0,0.0
4,routeRanWR0_ANGLE,0.0,0.0,0.0
4,routeRanWR0_CORNER,0.0,0.0,0.0
4,routeRanWR0_CROSS,0.0,0.0,0.0
4,routeRanWR0_FLAT,0.0,0.0,0.0
4,routeRanWR0_GO,0.0,0.0,0.0
4,routeRanWR0_HITCH,0.0,0.0,0.0
4,routeRanWR0_IN,0.0,0.0,0.0
4,routeRanWR0_NA,0.0,0.0,0.0
4,routeRanWR0_OUT,0.0,0.0,0.0
4,routeRanWR0_POST,0.0,0.0,0.0
4,routeRanWR0_SCREEN,0.0,0.0,0.0
4,routeRanWR0_SLANT,0.0,0.0,0.0
4,routeRanWR0_WHEEL,0.0,0.0,0.0
4,routeRanWR1_ANGLE,0.0,0.0,0.0
4,routeRanWR1_CORNER,0.0,0.0,0.0
4,routeRanWR1_CROSS,0.0,0.0,0.0
4,routeRanWR1_FLAT,0.0,0.0,0.0
4,routeRanWR1_GO,0.0,0.0,0.0
4,routeRanWR1_HITCH,0.0,0.0,0.0
4,routeRanWR1_IN,0.0,0.0,0.0
4,routeRanWR1_NA,0.0,0.0,0.0
4,routeRanWR1_OUT,0.0,0.0,0.0
4,routeRanWR1_POST,0.0,0.0,0.0
4,routeRanWR1_SCREEN,0.0,0.0,0.0
4,routeRanWR1_SLANT,0.0,0.0,0.0
4,routeRanWR1_WHEEL,0.0,0.0,0.0
4,routeRanWR2_ANGLE,0.0,0.0,0.0
4,routeRanWR2_CORNER,0.0,0.0,0.0
4,routeRanWR2_CROSS,0.0,0.0,0.0
4,routeRanWR2_FLAT,0.0,0.0,0.0
4,routeRanWR2_GO,0.0,0.0,0.0
4,routeRanWR2_HITCH,0.0,0.0,0.0
4,routeRanWR2_IN,0.0,0.0,0.0
4,routeRanWR2_NA,0.0,0.0,0.0
4,routeRanWR2_OUT,0.0,0.0,0.0
4,routeRanWR2_POST,0.0,0.0,0.0
4,routeRanWR2_SCREEN,0.0,0.0,0.0
4,routeRanWR2_SLANT,0.0,0.0,0.0
4,routeRanWR2_WHEEL,0.0,0.0,0.0
4,routeRanWR3_CORNER,0.0,0.0,0.0
4,routeRanWR3_CROSS,0.0,0.0,0.0
4,routeRanWR3_FLAT,0.0,0.0,0.0
4,routeRanWR3_GO,0.0,0.0,0.0
4,routeRanWR3_HITCH,0.0,0.0,0.0
4,routeRanWR3_IN,0.0,0.0,0.0
4,routeRanWR3_NA,0.9968652037617555,1.0,0.9984301412872841
4,routeRanWR3_OUT,0.0,0.0,0.0
4,routeRanWR3_POST,0.0,0.0,0.0
4,routeRanWR3_SCREEN,0.0,0.0,0.0
4,routeRanWR3_SLANT,0.0,0.0,0.0
4,routeRanWR4_CORNER,0.0,0.0,0.0
4,routeRanWR4_GO,0.0,0.0,0.0
4,routeRanWR4_NA,1.0,1.0,1.0
4,routeRanWR4_SLANT,0.0,0.0,0.0
4,routeRanRB0_ANGLE,0.0,0.0,0.0
4,routeRanRB0_CORNER,0.0,0.0,0.0
4,routeRanRB0_CROSS,0.0,0.0,0.0
4,routeRanRB0_FLAT,0.0,0.0,0.0
4,routeRanRB0_GO,0.0,0.0,0.0
4,routeRanRB0_HITCH,0.0,0.0,0.0
4,routeRanRB0_IN,0.0,0.0,0.0
4,routeRanRB0_NA,0.0,0.0,0.0
4,routeRanRB0_OUT,0.0,0.0,0.0
4,routeRanRB0_POST,0.0,0.0,0.0
4,routeRanRB0_SCREEN,0.0,0.0,0.0
4,routeRanRB0_SLANT,0.0,0.0,0.0
4,routeRanRB0_WHEEL,0.0,0.0,0.0
4,routeRanRB1_ANGLE,0.0,0.0,0.0
4,routeRanRB1_CROSS,0.0,0.0,0.0
4,routeRanRB1_FLAT,0.0,0.0,0.0
4,routeRanRB1_GO,0.0,0.0,0.0
4,routeRanRB1_HITCH,0.0,0.0,0.0
4,routeRanRB1_IN,0.0,0.0,0.0
4,routeRanRB1_NA,0.9686520376175548,1.0,0.9840764331210191
4,routeRanRB1_OUT,0.0,0.0,0.0
4,routeRanRB1_POST,0.0,0.0,0.0
4,routeRanRB1_SCREEN,0.0,0.0,0.0
4,routeRanRB1_SLANT,0.0,0.0,0.0
4,routeRanRB1_WHEEL,0.0,0.0,0.0
4,routeRanRB2_NA,1.0,1.0,1.0
4,routeRanRB2_WHEEL,0.0,0.0,0.0
4,routeRanTE0_ANGLE,0.0,0.0,0.0
4,routeRanTE0_CORNER,0.0,0.0,0.0
4,routeRanTE0_CROSS,0.0,0.0,0.0
4,routeRanTE0_FLAT,0.0,0.0,0.0
4,routeRanTE0_GO,0.0,0.0,0.0
4,routeRanTE0_HITCH,0.0,0.0,0.0
4,routeRanTE0_IN,0.0,0.0,0.0
4,routeRanTE0_NA,0.0,0.0,0.0
4,routeRanTE0_OUT,0.0,0.0,0.0
4,routeRanTE0_POST,0.0,0.0,0.0
4,routeRanTE0_SCREEN,0.0,0.0,0.0
4,routeRanTE0_SLANT,0.0,0.0,0.0
4,routeRanTE0_WHEEL,0.0,0.0,0.0
4,routeRanTE1_ANGLE,0.0,0.0,0.0
4,routeRanTE1_CORNER,0.0,0.0,0.0
4,routeRanTE1_CROSS,0.0,0.0,0.0
4,routeRanTE1_FLAT,0.0,0.0,0.0
4,routeRanTE1_GO,0.0,0.0,0.0
4,routeRanTE1_HITCH,0.0,0.0,0.0
4,routeRanTE1_IN,0.0,0.0,0.0
4,routeRanTE1_NA,0.8589341692789969,1.0,0.924114671163575
4,routeRanTE1_OUT,0.0,0.0,0.0
4,routeRanTE1_POST,0.0,0.0,0.0
4,routeRanTE1_SCREEN,0.0,0.0,0.0
4,routeRanTE1_SLANT,0.0,0.0,0.0
4,routeRanTE1_WHEEL,0.0,0.0,0.0
4,routeRanTE2_CORNER,0.0,0.0,0.0
4,routeRanTE2_CROSS,0.0,0.0,0.0
4,routeRanTE2_FLAT,0.0,0.0,0.0
4,routeRanTE2_GO,0.0,0.0,0.0
4,routeRanTE2_HITCH,0.0,0.0,0.0
4,routeRanTE2_IN,0.0,0.0,0.0
4,routeRanTE2_NA,0.9749216300940439,1.0,0.9873015873015873
4,routeRanTE2_OUT,0.0,0.0,0.0
4,routeRanTE2_POST,0.0,0.0,0.0
4,routeRanTE2_SCREEN,0.0,0.0,0.0
4,routeRanTE2_SLANT,0.0,0.0,0.0
5,playAction,0.0,0.0,0.0
5,passTippedAtLine,0.0,0.0,0.0
5,unblockedPressure,0.0,0.0,0.0
5,qbSpike,0.0,0.0,0.0
5,qbKneel,0.0,0.0,0.0
5,qbSneak,0.0,0.0,0.0
5,isDropback,1.0,1.0,1.0
5,pff_runPassOption,0.0,0.0,0.0
5,offenseFormation_EMPTY,0.0,0.0,0.0
5,offenseFormation_I_FORM,0.0,0.0,0.0
5,offenseFormation_JUMBO,0.0,0.0,0.0
5,offenseFormation_PISTOL,0.0,0.0,0.0
5,offenseFormation_SHOTGUN,0.6677115987460815,1.0,0.8007518796992481
5,offenseFormation_SINGLEBACK,0.0,0.0,0.0
5,offenseFormation_WILDCAT,0.0,0.0,0.0
5,receiverAlignment_1x0,0.0,0.0,0.0
5,receiverAlignment_1x1,0.0,0.0,0.0
5,receiverAlignment_2x0,0.0,0.0,0.0
5,receiverAlignment_2x1,0.0,0.0,0.0
5,receiverAlignment_2x2,0.0,0.0,0.0
5,receiverAlignment_3x0,0.0,0.0,0.0
5,receiverAlignment_3x1,0.23076923076923078,0.026785714285714284,0.048
5,receiverAlignment_3x2,0.0,0.0,0.0
5,receiverAlignment_3x3,0.0,0.0,0.0
5,receiverAlignment_4x1,0.0,0.0,0.0
5,dropbackType_DESIGNED_ROLLOUT_LEFT,0.0,0.0,0.0
5,dropbackType_DESIGNED_ROLLOUT_RIGHT,0.0,0.0,0.0
5,dropbackType_DESIGNED_RUN,0.0,0.0,0.0
5,dropbackType_SCRAMBLE,0.0,0.0,0.0
5,dropbackType_SCRAMBLE_ROLLOUT_LEFT,0.0,0.0,0.0
5,dropbackType_SCRAMBLE_ROLLOUT_RIGHT,0.0,0.0,0.0
5,dropbackType_TRADITIONAL,0.9122257053291536,1.0,0.9540983606557377
5,passLocationType_INSIDE_BOX,0.890282131661442,1.0,0.9419568822553898
5,passLocationType_OUTSIDE_LEFT,0.0,0.0,0.0
5,passLocationType_OUTSIDE_RIGHT,0.0,0.0,0.0
5,passLocationType_UNKNOWN,0.0,0.0,0.0
5,pff_runConceptPrimary_COUNTER,0.0,0.0,0.0
5,pff_runConceptPrimary_DRAW,0.0,0.0,0.0
5,pff_runConceptPrimary_FB RUN,0.0,0.0,0.0
5,pff_runConceptPrimary_INSIDE ZONE,0.0,0.0,0.0
5,pff_runConceptPrimary_MAN,0.0,0.0,0.0
5,pff_runConceptPrimary_OUTSIDE ZONE,0.0,0.0,0.0
5,pff_runConceptPrimary_POWER,0.0,0.0,0.0
5,pff_runConceptPrimary_PULL LEAD,0.0,0.0,0.0
5,pff_runConceptPrimary_TRAP,0.0,0.0,0.0
5,pff_runConceptPrimary_TRICK,0.0,0.0,0.0
5,pff_runConceptPrimary_UNDEFINED,0.0,0.0,0.0
5,pff_runConceptPrimary_Unknown,0.7084639498432602,1.0,0.8293577981651377
5,pff_runConceptSecondary_QB RUNS,0.0,0.0,0.0
5,pff_runConceptSecondary_READ OPTION,0.0,0.0,0.0
5,pff_runConceptSecondary_Unknown,1.0,1.0,1.0
5,pff_passCoverage_2-Man,0.0,0.0,0.0
5,pff_passCoverage_Bracket,0.0,0.0,0.0
5,pff_passCoverage_Cover 6-Left,0.0,0.0,0.0
5,pff_passCoverage_Cover-0,0.0,0.0,0.0
5,pff_passCoverage_Cover-1,0.0,0.0,0.0
5,pff_passCoverage_Cover-1 Double,0.0,0.0,0.0
5,pff_passCoverage_Cover-2,0.0,0.0,0.0
5,pff_passCoverage_Cover-3,0.4594594594594595,0.18478260869565216,0.26356589147286824
5,pff_passCoverage_Cover-3 Cloud Left,0.0,0.0,0.0
5,pff_passCoverage_Cover-3 Cloud Right,0.0,0.0,0.0
5,pff_passCoverage_Cover-3 Double Cloud,0.0,0.0,0.0
5,pff_passCoverage_Cover-3 Seam,0.0,0.0,0.0
5,pff_passCoverage_Cover-6 Right,0.0,0.0,0.0
5,pff_passCoverage_Goal Line,0.0,0.0,0.0
5,pff_passCoverage_Miscellaneous,0.0,0.0,0.0
5,pff_passCoverage_Prevent,0.0,0.0,0.0
5,pff_passCoverage_Quarters,0.0,0.0,0.0
5,pff_passCoverage_Red Zone,0.0,0.0,0.0
5,pff_manZone_Man,0.0,0.0,0.0
5,pff_manZone_Other,0.0,0.0,0.0
5,pff_manZone_Zone,0.7161716171617162,0.9863636363636363,0.8298279158699808
5,routeRanQB0_CORNER,0.0,0.0,0.0
5,routeRanQB0_CROSS,0.0,0.0,0.0
5,routeRanQB0_FLAT,0.0,0.0,0.0
5,routeRanQB0_GO,0.0,0.0,0.0
5,routeRanQB0_HITCH,0.0,0.0,0.0
5,routeRanQB0_IN,0.0,0.0,0.0
5,routeRanQB0_NA,0.987460815047022,1.0,0.9936908517350158
5,routeRanQB0_OUT,0.0,0.0,0.0
5,routeRanQB0_POST,0.0,0.0,0.0
5,routeRanQB0_SCREEN,0.0,0.0,0.0
5,routeRanQB0_SLANT,0.0,0.0,0.0
5,routeRanQB0_WHEEL,0.0,0.0,0.0
5,routeRanWR0_ANGLE,0.0,0.0,0.0
5,routeRanWR0_CORNER,0.0,0.0,0.0
5,routeRanWR0_CROSS,0.0,0.0,0.0
5,routeRanWR0_FLAT,0.0,0.0,0.0
5,routeRanWR0_GO,0.0,0.0,0.0
5,routeRanWR0_HITCH,0.0,0.0,0.0
5,routeRanWR0_IN,0.0,0.0,0.0
5,routeRanWR0_NA,0.0,0.0,0.0
5,routeRanWR0_OUT,0.0,0.0,0.0
5,routeRanWR0_POST,0.0,0.0,0.0
5,routeRanWR0_SCREEN,0.0,0.0,0.0
5,routeRanWR0_SLANT,0.0,0.0,0.0
5,routeRanWR0_WHEEL,0.0,0.0,0.0
5,routeRanWR1_ANGLE,0.0,0.0,0.0
5,routeRanWR1_CORNER,0.0,0.0,0.0
5,routeRanWR1_CROSS,0.0,0.0,0.0
5,routeRanWR1_FLAT,0.0,0.0,0.0
5,routeRanWR1_GO,0.0,0.0,0.0
5,routeRanWR1_HITCH,0.0,0.0,0.0
5,routeRanWR1_IN,0.0,0.0,0.0
5,routeRanWR1_NA,0.0,0.0,0.0
5,routeRanWR1_OUT,0.0,0.0,0.0
5,routeRanWR1_POST,0.0,0.0,0.0
5,routeRanWR1_SCREEN,0.0,0.0,0.0
5,routeRanWR1_SLANT,0.0,0.0,0.0
5,routeRanWR1_WHEEL,0.0,0.0,0.0
5,routeRanWR2_ANGLE,0.0,0.0,0.0
5,routeRanWR2_CORNER,0.0,0.0,0.0
5,routeRanWR2_CROSS,0.0,0.0,0.0
5,routeRanWR2_FLAT,0.0,0.0,0.0
5,routeRanWR2_GO,0.0,0.0,0.0
5,routeRanWR2_HITCH,0.0,0.0,0.0
5,routeRanWR2_IN,0.0,0.0,0.0
5,routeRanWR2_NA,0.0,0.0,0.0
5,routeRanWR2_OUT,0.0,0.0,0.0
5,routeRanWR2_POST,0.0,0.0,0.0
5,routeRanWR2_SCREEN,0.0,0.0,0.0
5,routeRanWR2_SLANT,0.0,0.0,0.0
5,routeRanWR2_WHEEL,0.0,0.0,0.0
5,routeRanWR3_CORNER,0.0,0.0,0.0
5,routeRanWR3_CROSS,0.0,0.0,0.0
5,routeRanWR3_FLAT,0.0,0.0,0.0
5,routeRanWR3_GO,0.0,0.0,0.0
5,routeRanWR3_HITCH,0.0,0.0,0.0
5,routeRanWR3_IN,0.0,0.0,0.0
5,routeRanWR3_NA,0.9968652037617555,1.0,0.9984301412872841
5,routeRanWR3_OUT,0.0,0.0,0.0
5,routeRanWR3_POST,0.0,0.0,0.0
5,routeRanWR3_SCREEN,0.0,0.0,0.0
5,routeRanWR3_SLANT,0.0,0.0,0.0
5,routeRanWR4_CORNER,0.0,0.0,0.0
5,routeRanWR4_GO,0.0,0.0,0.0
5,routeRanWR4_NA,1.0,1.0,1.0
5,routeRanWR4_SLANT,0.0,0.0,0.0
5,routeRanRB0_ANGLE,0.0,0.0,0.0
5,routeRanRB0_CORNER,0.0,0.0,0.0
5,routeRanRB0_CROSS,0.0,0.0,0.0
5,routeRanRB0_FLAT,0.4642857142857143,0.49242424242424243,0.47794117647058826
5,routeRanRB0_GO,0.0,0.0,0.0
5,routeRanRB0_HITCH,0.0,0.0,0.0
5,routeRanRB0_IN,0.0,0.0,0.0
5,routeRanRB0_NA,0.0,0.0,0.0
5,routeRanRB0_OUT,0.0,0.0,0.0
5,routeRanRB0_POST,0.0,0.0,0.0
5,routeRanRB0_SCREEN,0.0,0.0,0.0
5,routeRanRB0_SLANT,0.0,0.0,0.0
5,routeRanRB0_WHEEL,0.0,0.0,0.0
5,routeRanRB1_ANGLE,0.0,0.0,0.0
5,routeRanRB1_CROSS,0.0,0.0,0.0
5,routeRanRB1_FLAT,0.0,0.0,0.0
5,routeRanRB1_GO,0.0,0.0,0.0
5,routeRanRB1_HITCH,0.0,0.0,0.0
5,routeRanRB1_IN,0.0,0.0,0.0
5,routeRanRB1_NA,0.9686520376175548,1.0,0.9840764331210191
5,routeRanRB1_OUT,0.0,0.0,0.0
5,routeRanRB1_POST,0.0,0.0,0.0
5,routeRanRB1_SCREEN,0.0,0.0,0.0
5,routeRanRB1_SLANT,0.0,0.0,0.0
5,routeRanRB1_WHEEL,0.0,0.0,0.0
5,routeRanRB2_NA,1.0,1.0,1.0
5,routeRanRB2_WHEEL,0.0,0.0,0.0
5,routeRanTE0_ANGLE,0.0,0.0,0.0
5,routeRanTE0_CORNER,0.0,0.0,0.0
5,routeRanTE0_CROSS,0.0,0.0,0.0
5,routeRanTE0_FLAT,0.0,0.0,0.0
5,routeRanTE0_GO,0.0,0.0,0.0
5,routeRanTE0_HITCH,0.0,0.0,0.0
5,routeRanTE0_IN,0.0,0.0,0.0
5,routeRanTE0_NA,0.0,0.0,0.0
5,routeRanTE0_OUT,0.0,0.0,0.0
5,routeRanTE0_POST,0.0,0.0,0.0
5,routeRanTE0_SCREEN,0.0,0.0,0.0
5,routeRanTE0_SLANT,0.0,0.0,0.0
5,routeRanTE0_WHEEL,0.0,0.0,0.0
5,routeRanTE1_ANGLE,0.0,0.0,0.0
5,routeRanTE1_CORNER,0.0,0.0,0.0
5,routeRanTE1_CROSS,0.0,0.0,0.0
5,routeRanTE1_FLAT,0.0,0.0,0.0
5,routeRanTE1_GO,0.0,0.0,0.0
5,routeRanTE1_HITCH,0.0,0.0,0.0
5,routeRanTE1_IN,0.0,0.0,0.0
5,routeRanTE1_NA,0.8589341692789969,1.0,0.924114671163575
5,routeRanTE1_OUT,0.0,0.0,0.0
5,routeRanTE1_POST,0.0,0.0,0.0
5,routeRanTE1_SCREEN,0.0,0.0,0.0
5,routeRanTE1_SLANT,0.0,0.0,0.0
5,routeRanTE1_WHEEL,0.0,0.0,0.0
5,routeRanTE2_CORNER,0.0,0.0,0.0
5,routeRanTE2_CROSS,0.0,0.0,0.0
5,routeRanTE2_FLAT,0.0,0.0,0.0
5,routeRanTE2_GO,0.0,0.0,0.0
5,routeRanTE2_HITCH,0.0,0.0,0.0
5,routeRanTE2_IN,0.0,0.0,0.0
5,routeRanTE2_NA,0.9749216300940439,1.0,0.9873015873015873
5,routeRanTE2_OUT,0.0,0.0,0.0
5,routeRanTE2_POST,0.0,0.0,0.0
5,routeRanTE2_SCREEN,0.0,0.0,0.0
5,routeRanTE2_SLANT,0.0,0.0,0.0
